Roll Number,Total Marks,Rank
00DUR5DKXZ.jpg,38,494
01BGZZUZD2.jpg,100,1
026G1PALKN.jpg,38,494
03WIQGTYUT.jpg,38,494
04ND93BI59.jpg,38,494
064PNZFRZ4.jpg,40,348
08YYZBU28L.jpg,38,494
09VQIGATOW.jpg,34,657
09ZWF479LH.jpg,79,172
0AQUQESDZX.jpg,34,657
0AUI6SQHZ9.jpg,34,657
0C68S469E1.jpg,100,1
0CGNM3XKXM.jpg,34,657
0DFJK5GDFX.jpg,34,657
0ESFNQ2Z3U.jpg,79,172
0FVYXVJQDN.jpg,34,657
0HC2P0A4AN.jpg,38,494
0IDTQ8YQ2Q.jpg,34,657
0ITR6P61MB.jpg,34,657
0JYZNJ8U9A.jpg,100,1
0K8VT8GNLX.jpg,40,348
0KVY0698EG.jpg,34,657
0NBO4HTAL5.jpg,79,172
0NCSXMO9SE.jpg,34,657
0PDNE32OBN.jpg,34,657
0QL1YRQTZ4.jpg,34,657
0RHZ9RSU7I.jpg,34,657
0RL5PHCD54.jpg,79,172
0SNZQNWJ1L.jpg,79,172
0XKNSU8GLW.jpg,34,657
0ZYYBSELAG.jpg,34,657
104VBYXBMM.jpg,79,172
10AP68O0QZ.jpg,100,1
10MGE0E9SA.jpg,34,657
10Q3Q8MMWD.jpg,40,348
140JVTEANE.jpg,100,1
14DEAU0PNC.jpg,79,172
157TRCANPQ.jpg,34,657
1590FH6T2I.jpg,79,172
15HLEYLAVF.jpg,40,348
16DAHC0B7J.jpg,100,1
1950SZILWI.jpg,38,494
1B22PA9GI7.jpg,34,657
1B9F2NTQ82.jpg,79,172
1DDQLLLVKH.jpg,79,172
1E20V7AJPO.jpg,100,1
1E3J8VHGAG.jpg,34,657
1E7HNSXOBZ.jpg,34,657
1FFE681VBI.jpg,79,172
1FL5DZLJ5C.jpg,79,172
1GLFHLHCWD.jpg,40,348
1J90BUI9JI.jpg,100,1
1JEFAL3QO2.jpg,79,172
1K9W66O0BK.jpg,34,657
1KWQTL4RXZ.jpg,100,1
1KXBOYFZ73.jpg,34,657
1L4OOPNU8B.jpg,40,348
1N1XDD06H0.jpg,34,657
1NRO28RYP6.jpg,38,494
1PER51GF6Z.jpg,34,657
1PXIUYTKI0.jpg,100,1
1QMI2J07BD.jpg,79,172
1QUP514FQE.jpg,34,657
1QX5BEGLAO.jpg,38,494
1SNP3Q70N7.jpg,38,494
1UZRRJZXEX.jpg,79,172
1W7O0D1BWY.jpg,100,1
1WH62L7WOS.jpg,38,494
1X3DBNCID6.jpg,34,657
1Y91FCSWJ3.jpg,40,348
1YGRTTGUL5.jpg,34,657
22A71M1OSQ.jpg,100,1
2337EK7CBM.jpg,34,657
25RVGPMVON.jpg,100,1
278PM3V31E.jpg,34,657
2A3H7C5ORY.jpg,79,172
2C0H0AKKTF.jpg,34,657
2GCEYM5RYB.jpg,34,657
2HB3LH8E5F.jpg,38,494
2HHH78HRYE.jpg,34,657
2HLE2XWTJP.jpg,100,1
2II644B49A.jpg,34,657
2KVHOM4KNH.jpg,79,172
2MT6Y53A4G.jpg,79,172
2NB0JDOQES.jpg,34,657
2NPUAE3OEG.jpg,34,657
2PI6ZA1R4F.jpg,34,657
2R9SAJTVUC.jpg,79,172
2RE4BRLRTV.jpg,100,1
2RE5KFAE7R.jpg,34,657
2RS76U10J8.jpg,79,172
2U22RBKTR0.jpg,34,657
2WM9DF2KKW.jpg,38,494
2XHRZC7KNI.jpg,79,172
2XZEBVI321.jpg,34,657
2Z88Z68E7J.jpg,100,1
3072UI4IQU.jpg,79,172
342PTS0117.jpg,79,172
38OOSJ0GJ3.jpg,100,1
39CJD7CNFN.jpg,34,657
39QXZQAU1O.jpg,79,172
3BUN2QNKWS.jpg,34,657
3FM6S942KQ.jpg,100,1
3FRGHHAWP5.jpg,34,657
3GEDCF8WHG.jpg,79,172
3GI4ANXBN1.jpg,34,657
3GSATODTLW.jpg,38,494
3GWIXPTJT3.jpg,34,657
3NH10KKHU9.jpg,34,657
3NNZHTRIT1.jpg,40,348
3O11T5QZ4M.jpg,34,657
3PENJPJSOB.jpg,100,1
3T06RG3C91.jpg,34,657
3VERS4AUCS.jpg,34,657
3VPOPJI4PM.jpg,34,657
3X53DQAIAU.jpg,34,657
3X90HWS250.jpg,34,657
3ZNDP9WO3U.jpg,34,657
4110KKSLQ5.jpg,79,172
4132IIJO0R.jpg,100,1
413GMNG4MG.jpg,34,657
42215YBI01.jpg,38,494
42AN6XX5G2.jpg,34,657
42X0K15NXI.jpg,100,1
433GW0353G.jpg,40,348
43DVWQEJR5.jpg,40,348
4464IUVKYR.jpg,38,494
45M77CGP1H.jpg,38,494
46400VHIVK.jpg,34,657
47C4T8KTZ9.jpg,100,1
48EBZJB77G.jpg,79,172
48JP9A1YVW.jpg,34,657
48KTFVFOEA.jpg,34,657
49F1YXP08W.jpg,79,172
4AP1OATA2M.jpg,79,172
4BYKUZE1XW.jpg,100,1
4CV8CP3VCF.jpg,40,348
4ICRIS4R9N.jpg,38,494
4KBZEPA7TF.jpg,100,1
4LUSWT6CY8.jpg,38,494
4LW87WQXOE.jpg,100,1
4NDQ0Z9S0H.jpg,79,172
4NVULH1DKH.jpg,34,657
4O2VCT6QN2.jpg,40,348
4PXLG8JV74.jpg,100,1
4T8LHT51VT.jpg,34,657
4TYRXHWB9C.jpg,34,657
4UTC1GPDRW.jpg,40,348
4VTCHXCAP4.jpg,79,172
4VUL5F39ZZ.jpg,34,657
4W7VOQPHD2.jpg,79,172
4WIHXSQZQ6.jpg,34,657
4X75J2HSJB.jpg,40,348
51AMW96UAI.jpg,38,494
51S4B0X4X1.jpg,34,657
521ZZDK5W3.jpg,79,172
52MVHQVQMR.jpg,34,657
52SOHC808I.jpg,38,494
56ME1GT0FG.jpg,34,657
56NI0Z2O32.jpg,34,657
585DT4EGD3.jpg,34,657
585SXYG3Q1.jpg,40,348
5ALEPYX1I8.jpg,79,172
5AUTGOI4QB.jpg,100,1
5DLEL9UAX7.jpg,100,1
5DUHX8G3HW.jpg,34,657
5H7CV6MP4M.jpg,34,657
5K5LN44DTX.jpg,40,348
5KZ0U5826C.jpg,100,1
5LXLFG9KQG.jpg,38,494
5OM3IG83ES.jpg,34,657
5OWE2HL9Q8.jpg,34,657
5PLSLPAN0Q.jpg,34,657
5SSNCV65ZY.jpg,79,172
5TKJ8H8V8S.jpg,79,172
5VA2G4O1NP.jpg,34,657
5VB6IYJ9UN.jpg,40,348
60QEVG8PPR.jpg,40,348
63DKL1LQ7R.jpg,79,172
65CIVDFTTJ.jpg,40,348
69WMY9BEWF.jpg,79,172
6BXGT09Q4E.jpg,79,172
6D2TWB05R8.jpg,34,657
6G62ZLCRCS.jpg,40,348
6HJPJDRDN3.jpg,79,172
6JHSNT4WWA.jpg,34,657
6KXBH87IS4.jpg,38,494
6LZG8J8QI2.jpg,34,657
6M8TPQ34FC.jpg,40,348
6N9SQXCWKW.jpg,34,657
6NVDSFJ63O.jpg,34,657
6OAI3XVJ36.jpg,34,657
6OOLWN69RV.jpg,40,348
6OPC3Y7TBT.jpg,34,657
6RV3P787R1.jpg,100,1
6TLQ913IS5.jpg,40,348
6UEE91I5YF.jpg,34,657
6W6153INKC.jpg,34,657
6XGTSIY5ED.jpg,100,1
6Y7WK6DQIP.jpg,40,348
6YB9OVMREE.jpg,38,494
6YY18JSBLE.jpg,34,657
6ZNP6JRFUO.jpg,38,494
6ZXTHNHR9T.jpg,40,348
70OXUDONBQ.jpg,40,348
70X6Q1ZETV.jpg,100,1
72KKRL7GVJ.jpg,100,1
73RVQPRD0S.jpg,100,1
74BNM18RVD.jpg,38,494
74KUJBX9II.jpg,34,657
75B0AT50LP.jpg,38,494
77CZKK81KM.jpg,40,348
784956UBCJ.jpg,100,1
7ADA1INVSL.jpg,34,657
7AJOIGH1FA.jpg,34,657
7AN0C6H1YX.jpg,79,172
7AQYLNMTOQ.jpg,100,1
7BPC5M9NUG.jpg,40,348
7BST7094TD.jpg,34,657
7CZ43FKVKO.jpg,34,657
7DAG9UE8IP.jpg,34,657
7DGYE1Y6UX.jpg,34,657
7EFK1SXGZE.jpg,34,657
7EGYL67SRU.jpg,34,657
7ELLMFKOL4.jpg,100,1
7ERR6QV23J.jpg,40,348
7GCXN46TG9.jpg,34,657
7GZON0XVJ0.jpg,38,494
7HJS7474L7.jpg,34,657
7HP9NFH6MQ.jpg,34,657
7JGY8T8O80.jpg,34,657
7KDAYVP9MX.jpg,34,657
7N1O6BM4UN.jpg,34,657
7NSP3MJTM1.jpg,34,657
7NY3B5IH08.jpg,100,1
7P0XW9GEUF.jpg,34,657
7P18HF3HMC.jpg,34,657
7PSDK6KBQY.jpg,40,348
7PSFIG24X1.jpg,38,494
7RPN5M9SRW.jpg,79,172
7S57HN5S5T.jpg,34,657
7TXWH0OD4J.jpg,34,657
7U94STLVUE.jpg,79,172
7UUU0T5XUM.jpg,40,348
7VSL5TCL2P.jpg,34,657
83OFV558XA.jpg,40,348
84HLZFK8E8.jpg,38,494
86B38CUILX.jpg,40,348
88030X8EPJ.jpg,100,1
8AR2U9RTMZ.jpg,79,172
8CAOGIRRAA.jpg,34,657
8DQVJ0IDFD.jpg,40,348
8GMVO8CNIE.jpg,34,657
8HDK2PC042.jpg,100,1
8HT6B8GQV4.jpg,40,348
8JIAM3WSSW.jpg,100,1
8JJHP5RA9N.jpg,38,494
8JROKZ2Q0U.jpg,100,1
8LJAHEJY5L.jpg,100,1
8M4GUCA075.jpg,38,494
8MJFGQLDLO.jpg,34,657
8NZ60NXO2S.jpg,34,657
8P7KPIYG0M.jpg,34,657
8PHFXL77EJ.jpg,34,657
8RP8E5PF82.jpg,34,657
8T0JWH1GFH.jpg,79,172
8WNJKJG594.jpg,100,1
8XWKT20SO5.jpg,40,348
8YBMRI83QB.jpg,100,1
8YWH89KO2F.jpg,38,494
8ZOEV5Q8S8.jpg,34,657
91FN2B60CI.jpg,38,494
91IRF2WXEJ.jpg,79,172
93C75WPF45.jpg,100,1
9BBQVM8DEE.jpg,100,1
9DXM0S5LH8.jpg,79,172
9EAJEDRTME.jpg,79,172
9EPN8IB219.jpg,34,657
9EX9AM4ZQ9.jpg,34,657
9GA5S5NOVQ.jpg,34,657
9H95K11VMC.jpg,38,494
9HWAXVJ02U.jpg,79,172
9IK02PNBXD.jpg,40,348
9J0UO0W5D9.jpg,79,172
9J246R31L1.jpg,34,657
9NV3F7TYR8.jpg,38,494
9PQ1GKGZD5.jpg,34,657
9QT6IVDNS4.jpg,34,657
9RKDQADYVV.jpg,34,657
9SP6XJAAAC.jpg,100,1
9U65OI8ODK.jpg,38,494
9ULKHXH8CR.jpg,38,494
9VZKD3569L.jpg,79,172
9ZDMPC80NA.jpg,34,657
9ZEU1K4DM6.jpg,79,172
A0NHOS0HOZ.jpg,100,1
A18JHCH8Q7.jpg,34,657
A67PQKB6X1.jpg,100,1
AA5KMW8NHO.jpg,34,657
Aagat Sharma.jpg,100,1
ACHE9Q2R1T.jpg,40,348
AGVP0IBJEA.jpg,79,172
AHS9X22SGH.jpg,100,1
AIJ05WXBKG.jpg,40,348
AITVFKMHNY.jpg,100,1
AJBCFYQNCX.jpg,100,1
AK3OM3CG73.jpg,38,494
ALWC0U9DKM.jpg,100,1
AM9XH2QRKY.jpg,38,494
AMNCCIY99Y.jpg,34,657
AOP7WP05NF.jpg,34,657
AQQWRAHEDY.jpg,100,1
ARMQ6LI8BW.jpg,79,172
ARO1ICBZO4.jpg,38,494
AS7667H5HJ.jpg,38,494
ATCYREGJKN.jpg,100,1
AVLKZFQ4QR.jpg,100,1
AWXMDV62Q2.jpg,79,172
AX56137KOG.jpg,34,657
AY5CF5MJYV.jpg,34,657
AZF2U4GPIY.jpg,34,657
B234F3FA3P.jpg,34,657
B27PCOVIUV.jpg,34,657
BA12OQDK5U.jpg,79,172
BB2Y87KIUV.jpg,40,348
BDS1M9WQFS.jpg,34,657
BE8LULRH0M.jpg,100,1
BF9IOP6TD5.jpg,100,1
BFSKO1VY8O.jpg,38,494
BFTK482EE4.jpg,40,348
BGEH9NMUSN.jpg,40,348
BKHPWKIUNR.jpg,100,1
BN2242N8OH.jpg,34,657
BN58DTL254.jpg,34,657
BPRL107ZMW.jpg,100,1
BPRZLSGVT8.jpg,100,1
BPU3AGNZ8S.jpg,34,657
BQC8SG5R26.jpg,34,657
BQNMJJHR5W.jpg,100,1
BQXT3RJY3Z.jpg,34,657
BSF3BX033F.jpg,38,494
BUEKJA3O4Z.jpg,38,494
BVE2YM3GP1.jpg,79,172
BVTVGWL999.jpg,34,657
BYUVWKX8UF.jpg,40,348
BZ28BH414D.jpg,38,494
BZ6ZD7QVXO.jpg,100,1
C0GIVL5ZR7.jpg,34,657
C0OPIFFYO7.jpg,79,172
C4FLMO1GC0.jpg,34,657
C4R7WXHIVX.jpg,34,657
CAVZ8DL8DW.jpg,100,1
CCLWBQIZJQ.jpg,34,657
CEL7LW5C2B.jpg,40,348
CH5MQSCZF1.jpg,34,657
CJ783M5ACX.jpg,40,348
CKKKAV5TB0.jpg,79,172
CMJEMXA372.jpg,100,1
CN1P6YTDUB.jpg,79,172
CP4JBAFSNT.jpg,34,657
CR2L24S57V.jpg,34,657
CSMFMYEL7Q.jpg,34,657
CTCY2FGGUV.jpg,34,657
CV25RHFPK1.jpg,40,348
D11JQT4Z04.jpg,34,657
D25O8EFO3L.jpg,34,657
D5548CA31C.jpg,40,348
D5WARH2WWZ.jpg,40,348
D6HJY3SI1E.jpg,40,348
D7BGQ6IZJV.jpg,79,172
D86ZQFUW3K.jpg,100,1
DA06RKSG3W.jpg,38,494
DAB0TJBCK1.jpg,100,1
DBUGH4YLY9.jpg,38,494
DCKL6TYES9.jpg,100,1
DD35GAQKLL.jpg,100,1
DDZMVNFRC5.jpg,100,1
DF986650F7.jpg,38,494
DI1N2NJZD4.jpg,79,172
Dibikshya Shrestha.jpg,34,657
DINJ0J658A.jpg,38,494
DJC1AM3N4O.jpg,34,657
DLCAFHJSTV.jpg,40,348
DM8DLBQV3H.jpg,79,172
DP7W01QDZG.jpg,38,494
DPFLPT843Q.jpg,79,172
DQECWOB5NL.jpg,40,348
DRH57EWBRK.jpg,34,657
DRVN8JZVQU.jpg,40,348
DV14MZ9D00.jpg,34,657
DVO1LVO22R.jpg,34,657
DZAMWH9G3I.jpg,34,657
E05OW70KR9.jpg,38,494
E1VTYEBO5Q.jpg,34,657
E2AHSBIM04.jpg,100,1
E2ZL9YAQGZ.jpg,34,657
E3LW75ATNC.jpg,40,348
E46H61P49Z.jpg,79,172
E4FHWDOTR2.jpg,34,657
E6Y0QKGJFI.jpg,40,348
E73XBWNNPT.jpg,79,172
E7NS57VIN3.jpg,34,657
E8QZZEK5YH.jpg,38,494
E93H0C82QS.jpg,40,348
E97VKC8TZV.jpg,40,348
E9HM58JA8Y.jpg,40,348
ED1E4HO59P.jpg,38,494
EEL0LO7KG2.jpg,40,348
EFCQE8NEO8.jpg,34,657
EGW8E84TAL.jpg,38,494
EH9AEHJ7O6.jpg,38,494
EJ0CMD97RT.jpg,34,657
EJ18854CM6.jpg,40,348
EJ6LRC68LJ.jpg,40,348
Ekata Adhikari.jpg,40,348
EMQ24ZDAU7.jpg,40,348
ERFP9FFQZW.jpg,100,1
ERLJT3T06T.jpg,79,172
ES4JQL7Y8U.jpg,34,657
EVVW5ZP20Z.jpg,38,494
EW1YDAK7O3.jpg,79,172
EZAZFOZUWZ.jpg,100,1
F213C96AZK.jpg,38,494
F2H9XH2WNU.jpg,79,172
F36CCAKI8Q.jpg,34,657
F5Q2HIJH0H.jpg,38,494
F7BS0U3N18.jpg,100,1
F8J2WUM6VD.jpg,100,1
F8JMKNAYPJ.jpg,100,1
FAUWB07I2D.jpg,38,494
FDGBEBP2E7.jpg,34,657
FE9PEWXYG1.jpg,34,657
FEOP8J1TVE.jpg,100,1
FGX04GY0HZ.jpg,79,172
FJZCCG3BZW.jpg,34,657
FKB3QI6X2F.jpg,34,657
FM783HO6RZ.jpg,79,172
FODBZZVY3E.jpg,100,1
FOV0G916S9.jpg,100,1
FPQ7ALXSW0.jpg,40,348
FQK881O8B9.jpg,34,657
FS2MO8S7WC.jpg,100,1
FU4R13HIUT.jpg,38,494
FUFTOOB787.jpg,34,657
FWIOUDWIU9.jpg,79,172
FXRM376OZZ.jpg,40,348
FY5MP1W9B0.jpg,40,348
FYZXZX2T41.jpg,38,494
G1VA7NM9Y0.jpg,34,657
G3BYIQWH9M.jpg,38,494
G3D6GYWFE5.jpg,79,172
G40PLBXQDM.jpg,34,657
G485JVRY17.jpg,79,172
G59B8LYV3E.jpg,34,657
G5CJD0I70B.jpg,79,172
G6E6F9W2SL.jpg,79,172
GB25TNN9YA.jpg,79,172
GC4UT0WRLL.jpg,34,657
GC8CMNH9KT.jpg,38,494
GD4XZ5CKRM.jpg,38,494
GD7C58TCPC.jpg,100,1
GDJGJOZYMI.jpg,34,657
GFNTIRAC6P.jpg,38,494
GGUN04S7M6.jpg,79,172
GJW4ZTVWBY.jpg,40,348
GM10H24SU7.jpg,34,657
GM43KZRI2A.jpg,34,657
GNDXWZT0P7.jpg,79,172
GOK2945QVS.jpg,34,657
GPJORX4XHC.jpg,34,657
GTP3QBXBO0.jpg,38,494
GTQNO2LXLX.jpg,34,657
GVMNZ546SD.jpg,100,1
GXM2MAWXVY.jpg,34,657
H10Z8J2IE7.jpg,40,348
H2LMZXZ3HC.jpg,38,494
H444QXOOLE.jpg,40,348
H4DHPTWQHY.jpg,79,172
HBJZD5IG3N.jpg,100,1
HBL2JVFICN.jpg,79,172
HFPFU4WBY6.jpg,34,657
HG35CPM49P.jpg,34,657
HIO6LKP5ZD.jpg,100,1
HJ1KW1OYU5.jpg,40,348
HL9B5FP4BL.jpg,34,657
HMV3T1KDVL.jpg,40,348
HOYVRLT3T7.jpg,40,348
HPQRQF57B0.jpg,34,657
HRLK2LBMKP.jpg,100,1
HT9VDR8SZ5.jpg,79,172
HTPM4WXRPF.jpg,34,657
HTQ31XPZW7.jpg,40,348
HZ5DF48YR3.jpg,34,657
HZCM6JJ7WO.jpg,79,172
I01EPX4X8X.jpg,34,657
I0LC4JM7DR.jpg,34,657
I0RHT9F7JY.jpg,38,494
I1ZPAPGV7E.jpg,40,348
I4D7YIBH5X.jpg,34,657
I5OEMBVQO4.jpg,38,494
I75HONPCIY.jpg,38,494
I84AQ3HU1S.jpg,100,1
I8H9U0SVNV.jpg,100,1
IBR624872V.jpg,79,172
IDK359JM0D.jpg,34,657
IED9VUJYVD.jpg,40,348
IGEHE0Q1RZ.jpg,34,657
IGSDW2CI6G.jpg,79,172
IHSY36G81Y.jpg,79,172
II158IEE0E.jpg,34,657
II9Y3BLWZL.jpg,79,172
IIJXIBSZYZ.jpg,79,172
IIU1P80FKC.jpg,34,657
IK9000NP90.jpg,79,172
IKFTI3HP4I.jpg,34,657
ILSPPJZ7A4.jpg,79,172
INP0TI958Z.jpg,40,348
INP99AKYN7.jpg,40,348
IOQ7B8MTSR.jpg,34,657
IOX444HTRP.jpg,34,657
IPLAVY8FYH.jpg,100,1
ISE3THR4R8.jpg,38,494
ISFH07UT83.jpg,34,657
ISV73D3TD0.jpg,34,657
ITCQH3061N.jpg,100,1
IWASGO7ES4.jpg,79,172
IWE018RFE0.jpg,34,657
IZA08TYXY6.jpg,34,657
IZSMCOS1R5.jpg,100,1
J1F3V1QHIO.jpg,100,1
J266LG0ZSC.jpg,34,657
J29ZY7UFYF.jpg,38,494
J3RQ7X4WC1.jpg,79,172
J443BU88C1.jpg,34,657
J87JNK97RL.jpg,34,657
J8O93BI3BT.jpg,79,172
JA1V3AVGQC.jpg,100,1
JCILLSAI1W.jpg,38,494
JDN4XLH1SI.jpg,34,657
JDVOGA3KI0.jpg,100,1
JFY6U8VIVB.jpg,100,1
JG70YDTQVG.jpg,100,1
JGMVDW6GXA.jpg,79,172
JHKK8E6M54.jpg,34,657
JJM360VCYR.jpg,79,172
JJZEXOJOD3.jpg,34,657
JK34USD1D5.jpg,79,172
JMCKRNW0FL.jpg,38,494
JNJUF7EV0L.jpg,34,657
JOM8H6SVL0.jpg,79,172
JP6XBKBMAG.jpg,34,657
JPEDQIUS95.jpg,79,172
JPVXE5C5H8.jpg,38,494
JQA76NEK38.jpg,79,172
JQWMEQSR7L.jpg,79,172
JS0R24RNBF.jpg,100,1
JTZ0OGTWBE.jpg,34,657
JUDJJWQBKL.jpg,34,657
JWFV2F3NLK.jpg,38,494
JXRO742TUH.jpg,79,172
JZABX1O3QC.jpg,34,657
K0HMXS8MWC.jpg,40,348
K23FBBG2LE.jpg,34,657
K70LN7S9ZV.jpg,79,172
K774G2C9QS.jpg,34,657
K77CT57UKE.jpg,38,494
K85WS39L5K.jpg,34,657
KAMNC1RKQS.jpg,34,657
KCYD3PL6PL.jpg,34,657
KEXDZ09466.jpg,34,657
KH3T9J8E35.jpg,34,657
KHORDP5EJC.jpg,79,172
KIKG3U1JI8.jpg,79,172
KJE978KRRC.jpg,79,172
KJJPW7UBJ6.jpg,40,348
KJUOS2BKFC.jpg,100,1
KKYL5PQFZJ.jpg,34,657
KL2IX1TX0Z.jpg,34,657
KMHBVU1C1S.jpg,34,657
KNKNR81FNH.jpg,100,1
KPCDI0GHBA.jpg,79,172
KPM9ODTQNF.jpg,40,348
KRE150TJS4.jpg,38,494
KTOP8LO3JW.jpg,79,172
KXZP883P7Z.jpg,34,657
KYSVVQMPVA.jpg,100,1
KYU9QLA2SL.jpg,34,657
KZ96M7H451.jpg,40,348
KZYGU55KWW.jpg,79,172
L04MFSO4IB.jpg,38,494
L0FH32XOEE.jpg,34,657
L10A369X55.jpg,100,1
L1RQ11XKOE.jpg,79,172
L2Y2NOVORL.jpg,38,494
L3GGQGZICU.jpg,34,657
L49ESCSUMZ.jpg,79,172
L4D37UD1XA.jpg,34,657
L4Y13GIXJN.jpg,34,657
L5X4U91267.jpg,40,348
L6GSL1JXTM.jpg,38,494
L7AFO1X5QN.jpg,38,494
L84G7T1S69.jpg,40,348
L889KSLMJW.jpg,38,494
L8P0CS6H46.jpg,38,494
L8YHQFXAKR.jpg,40,348
L9DM0JK58M.jpg,40,348
LA7UIEZZXT.jpg,79,172
LC6QKSQR6P.jpg,34,657
LEQZROSIT4.jpg,79,172
LGSW48X8Y6.jpg,79,172
LH9NZS9VR9.jpg,34,657
LIZRNFDGEC.jpg,34,657
LJUQPLIRQS.jpg,34,657
LJZMC4YGZL.jpg,100,1
LKGDPC7488.jpg,100,1
LM82D924BZ.jpg,38,494
LQ802AGTFM.jpg,79,172
LRP4VN33OW.jpg,40,348
LT7T798UN8.jpg,100,1
LTUENW4HC3.jpg,100,1
LWF7HBL5RJ.jpg,79,172
LZQPBBK5LO.jpg,100,1
M1KD5SH8E8.jpg,34,657
M2U01VLMYJ.jpg,40,348
M4622D2TMW.jpg,79,172
M5NIGIKQFV.jpg,79,172
M7JJLU4L7N.jpg,38,494
M8PWU5JGM8.jpg,79,172
M950KMSV4H.jpg,100,1
M9BNM1IRJ9.jpg,79,172
MC2F2FIKAW.jpg,38,494
MCPZIATXXA.jpg,34,657
MDK2ZSSL1A.jpg,38,494
MEBDPL5LQ7.jpg,34,657
MEHK55V2ZB.jpg,100,1
MHXB15G210.jpg,34,657
MJK0WPUB4A.jpg,38,494
MMREWQHYP9.jpg,34,657
MNBKEQBVZ0.jpg,40,348
MNFLPM6I44.jpg,79,172
MNG44HQGKJ.jpg,79,172
MOCPINO3C0.jpg,34,657
Mohit Bhusal.jpg,38,494
MPLWCP3ADQ.jpg,38,494
MQ9SS3RE7D.jpg,100,1
MQU8ZGJVRL.jpg,34,657
MRHKQXW9FS.jpg,34,657
MSFXLBQ2V0.jpg,79,172
MUE8JKVXEK.jpg,38,494
MWRNVF4RDP.jpg,34,657
N1OL7VI1H4.jpg,38,494
N27ZPQ99V5.jpg,100,1
N2C1I97Y50.jpg,100,1
N4D2171VY6.jpg,34,657
N4JYSUXRLS.jpg,100,1
N4Z1CF0X65.jpg,38,494
NA4ESYK1KE.jpg,34,657
NAVR72DFE0.jpg,34,657
NC98EYAY4A.jpg,34,657
NDJXLLS4HX.jpg,34,657
NIVAGEDZ1Y.jpg,100,1
NMOVOFBYUY.jpg,38,494
NMXCW1SPWL.jpg,79,172
NRECQY62F1.jpg,40,348
NRKI752LX1.jpg,100,1
NSBVMDH702.jpg,40,348
NTDKD5RISS.jpg,100,1
NTTMIF8BKA.jpg,34,657
NW94SBZ6OV.jpg,38,494
NX3ASIXO78.jpg,34,657
NXYB6N10UK.jpg,34,657
NZRLEKWADO.jpg,100,1
O22WOSAPTF.jpg,38,494
O270HDSPII.jpg,34,657
O33LNGIXXT.jpg,100,1
O42XU0G4LC.jpg,38,494
O6Q8552E8M.jpg,40,348
OBQYGMS9L6.jpg,100,1
OF2GTZ82VH.jpg,34,657
OI9VINCFLP.jpg,34,657
OJ4N0RVUM5.jpg,79,172
OK9XZROV5N.jpg,38,494
OLV0979CNW.jpg,79,172
OMI8Y9KB1D.jpg,34,657
ONGE2KF340.jpg,34,657
OPDDFDAW6S.jpg,34,657
OPDF2X2BO5.jpg,79,172
OPH8G7ECOV.jpg,38,494
OT3GFULU1S.jpg,79,172
OTD41FVZVR.jpg,38,494
OVJQLJUQV6.jpg,34,657
OVQ8TD5XZ0.jpg,100,1
OVVQRA6K30.jpg,34,657
OWMUXJXCQD.jpg,100,1
OZA2JMMB5Z.jpg,40,348
P0B1ZLMEPC.jpg,40,348
P2VG6M67MY.jpg,79,172
P3R23UZTE8.jpg,38,494
P42F12X7XJ.jpg,40,348
P45RNXWMNC.jpg,34,657
P4OAKIHMY1.jpg,34,657
P5HBSBMRWV.jpg,100,1
P6MUORKLFH.jpg,34,657
P7RH9ALCH3.jpg,40,348
P870YE9IUT.jpg,100,1
P8852XNY5O.jpg,100,1
P8NPL2P2OD.jpg,34,657
PA614NZXN0.jpg,34,657
PCV2J6SZMG.jpg,34,657
PDO8P187WR.jpg,100,1
PDT3M5R155.jpg,100,1
PGCW7X0A26.jpg,40,348
PI1R6J86G6.jpg,79,172
PJAQWEJIQE.jpg,38,494
PKHDUM9OSE.jpg,34,657
PMLIIY1UP2.jpg,38,494
PQWW421M5G.jpg,79,172
Pragati Regmi.jpg,34,657
PSSDZVLEBY.jpg,40,348
PYT93IR6YG.jpg,38,494
Q1BQUHURGQ.jpg,34,657
Q1FP4IAFRK.jpg,34,657
Q233TM278R.jpg,38,494
Q2DS51NW4U.jpg,34,657
Q56O13SDOZ.jpg,100,1
Q5EDUN01BP.jpg,34,657
Q6VMITVSNA.jpg,40,348
QAUK6B3EC7.jpg,100,1
QBHD5MSZLQ.jpg,79,172
QBU3P2LJQD.jpg,34,657
QDHHWK27IT.jpg,34,657
QEAKHNLP2W.jpg,79,172
QEYY0HHYE6.jpg,40,348
QF4OX2SVXL.jpg,79,172
QGJMJX3UQ1.jpg,38,494
QIC19L1YJQ.jpg,38,494
QLI79UOBTG.jpg,38,494
QMIP5NM5HG.jpg,38,494
QN1XB7FVR7.jpg,100,1
QSFVNMWYVC.jpg,38,494
QV7GXOP0IV.jpg,34,657
QW3LBTFJIB.jpg,79,172
QW4DXA0VWG.jpg,40,348
QWU9SIJ9HC.jpg,38,494
QX6W1T0X55.jpg,79,172
QYQ5O2JBTB.jpg,38,494
QYU3BE15NY.jpg,38,494
R08ETFUCTD.jpg,38,494
R0QDJXXB5A.jpg,38,494
R1M68QQBS7.jpg,100,1
R4IXPF6T1G.jpg,38,494
R54SQMI3GE.jpg,100,1
R5FT7ADKFM.jpg,79,172
R8LIQYC9FZ.jpg,40,348
R8OV50PQYI.jpg,40,348
RAXA8BLOMW.jpg,40,348
RC9AHQ55C2.jpg,34,657
RE3DLL3SV9.jpg,34,657
RITLX4JS8D.jpg,38,494
RKK3OECQA7.jpg,38,494
RKNFP8K1XK.jpg,38,494
RLCXV6GL36.jpg,38,494
RMK1SWSTO5.jpg,34,657
RNS5OO65CJ.jpg,38,494
ROD1QS48LC.jpg,100,1
Roshan Shrestha.jpg,79,172
ROYGL4MUWJ.jpg,34,657
RP4CHKV3LN.jpg,79,172
RP66IA2NEY.jpg,38,494
RPGJQSQCQ3.jpg,40,348
RPGN6UT3G7.jpg,34,657
RPXVEKD4TO.jpg,38,494
RQC6HEKYKJ.jpg,40,348
RQF6N391TR.jpg,34,657
RQFJKPFH8Z.jpg,40,348
RRB46RWEB8.jpg,34,657
RTIWVDW06X.jpg,34,657
RWLFAZYYFW.jpg,79,172
RXA78069UG.jpg,34,657
S0JB87PG78.jpg,34,657
S0M86EAMVI.jpg,38,494
S19F0HASC2.jpg,40,348
S4CXP6RPP6.jpg,100,1
S8Z8MD5A88.jpg,38,494
SBAL9RW4RP.jpg,79,172
SBPA24XG0F.jpg,40,348
SBVCDQ0Y3M.jpg,40,348
SBZSK1JXLQ.jpg,38,494
SC83BSPCB0.jpg,40,348
SCX74BU671.jpg,34,657
SE1XOH61CZ.jpg,79,172
SFVH0KAWQS.jpg,38,494
SGJ71IZ9X4.jpg,38,494
SGWHDV6RTG.jpg,34,657
SII6WD8AB9.jpg,38,494
SJ4J27U54F.jpg,34,657
SJGGKKCB9N.jpg,38,494
SKWVZLOIXN.jpg,34,657
SM3VKCTW2H.jpg,100,1
SMMLQ6W1Y1.jpg,79,172
SN5QTFO4U8.jpg,34,657
SNLPD7N9I6.jpg,34,657
SOGO3JX1EY.jpg,100,1
SPO7CQCSG3.jpg,40,348
SRUSST54U9.jpg,38,494
SRV8K6VA7O.jpg,38,494
SUE7YVWUY5.jpg,34,657
SVUTLB2IK8.jpg,38,494
SWPNU4GRTG.jpg,40,348
SXFH1YTZ6O.jpg,40,348
SYMYCKSXAS.jpg,34,657
SZJ48RTSDN.jpg,34,657
T00APWBC2S.jpg,34,657
T1PC9NI169.jpg,79,172
T1SHQAZ5G1.jpg,100,1
T2Y8CBQCAH.jpg,40,348
T85NUT2N7A.jpg,40,348
T8KKABXT2B.jpg,79,172
T8QSVC1KLE.jpg,34,657
T9OD51XJNX.jpg,38,494
TAGNF0CA3Y.jpg,38,494
TCL1UMEZTZ.jpg,100,1
TD5M6TJ7US.jpg,38,494
TDLN241PB5.jpg,79,172
TFCSGG19JJ.jpg,40,348
TJ9HL4Z03F.jpg,100,1
TKA0KNUUL1.jpg,34,657
TKJW69YEI6.jpg,100,1
TKVRXL8COI.jpg,100,1
TRE6SNPKJ6.jpg,38,494
TSQHO08YH4.jpg,100,1
TTFH9GQ49X.jpg,34,657
TV594V6L0Z.jpg,100,1
TV6NGCJWHT.jpg,34,657
TZ8J2ISDA7.jpg,38,494
U0XQB67TMS.jpg,79,172
U2CQD9K0I3.jpg,79,172
U4M9ZU0PU7.jpg,100,1
U4N5RE4HME.jpg,40,348
U619EACXNX.jpg,34,657
U6FUJYMILA.jpg,40,348
U6G31TR8HV.jpg,34,657
U6HWR09DME.jpg,100,1
U6R51261WA.jpg,34,657
U8DLRYJW5D.jpg,40,348
U8GJ6DIVXP.jpg,100,1
U8MLS4UCA5.jpg,79,172
U9G64MIVMT.jpg,79,172
UD4DEITEHR.jpg,34,657
UDM4FHJPIG.jpg,34,657
UES27JGVAK.jpg,40,348
UGLTL88ISH.jpg,34,657
UI4YM0989Z.jpg,79,172
UJE5AW4HVA.jpg,79,172
UJGB3EPCFI.jpg,40,348
UJPJTP5JZZ.jpg,34,657
UKM8K30WPT.jpg,40,348
ULOPV96TH5.jpg,34,657
ULW5IGNYTE.jpg,34,657
ULXQ1A1FCD.jpg,38,494
UOLPPRRNL7.jpg,40,348
UPMGCFGDV2.jpg,34,657
UQFQGCZPZ3.jpg,34,657
US2USWCYNN.jpg,40,348
UTRL7Z8EA8.jpg,79,172
UVTREC40RF.jpg,79,172
UWKZP1FHRS.jpg,34,657
UX82U0K8DX.jpg,100,1
UYH64YJTEA.jpg,38,494
UYHF3333QI.jpg,34,657
UZ509QAS3N.jpg,79,172
UZEFB8161Q.jpg,34,657
V0OE97P3HR.jpg,100,1
V1NVR4RVDU.jpg,34,657
V4D68GLK02.jpg,34,657
V7AMC5FJHJ.jpg,100,1
V912HSJ1QP.jpg,34,657
VA6CYKC6XI.jpg,34,657
VC5Z58A4F0.jpg,100,1
VC7XDSLKW9.jpg,40,348
VCALSE68ZI.jpg,100,1
VDFM54Z6BO.jpg,34,657
VDNOX4W806.jpg,38,494
VDZYARM8M6.jpg,34,657
VE0G8TUFBD.jpg,40,348
VEJ12Y0Q7U.jpg,38,494
VEP7EAAVPO.jpg,40,348
VEZULIZIG0.jpg,100,1
VKNNYIFZIV.jpg,40,348
VKP5MU96YJ.jpg,100,1
VN7ULI1GTZ.jpg,79,172
VOKTP0D3KB.jpg,38,494
VRUSLM86C2.jpg,40,348
VSH73OGFDF.jpg,40,348
VU6IDIX6TG.jpg,34,657
VWKEC7MOPH.jpg,34,657
VZ8RIW07OH.jpg,38,494
VZAFZQQ1GO.jpg,100,1
W26DRFU27J.jpg,40,348
W2F2RZI119.jpg,79,172
W4H7DI3MB7.jpg,34,657
W6Z1AHP9RY.jpg,100,1
W7H57K8KEI.jpg,38,494
W7RD74C5OJ.jpg,79,172
W9PZ7ZETPF.jpg,34,657
WATGY0MI5T.jpg,100,1
WB4OQETAPC.jpg,40,348
WCH1YBW52H.jpg,34,657
WDNHPRSO6I.jpg,40,348
WERNRLC6LZ.jpg,79,172
WFK46FWSIF.jpg,40,348
WFUL2GJB6F.jpg,40,348
WH0VYTHLF7.jpg,40,348
WHD8IZ9Y39.jpg,100,1
WI8DNQRGK7.jpg,100,1
WJ3R58NWDU.jpg,34,657
WJP3EV1JQR.jpg,79,172
WL3ZF7WU4W.jpg,40,348
WNF114O4HZ.jpg,79,172
WT4CN5KHUD.jpg,34,657
WVG9V5MLW5.jpg,34,657
WWCXETBES0.jpg,38,494
WXDFUR1OFS.jpg,79,172
WXPVXGEGWV.jpg,34,657
WY9D3MLVYT.jpg,79,172
WYGUKZOQ7M.jpg,34,657
WYJNLI21MG.jpg,34,657
WZHS8JPPNA.jpg,40,348
X1T4S4EJL9.jpg,34,657
X27OMA6YHE.jpg,79,172
X28GIP50P1.jpg,34,657
X3SG4EGCOL.jpg,38,494
X4KMMB7AA8.jpg,100,1
X5OLUQPQGL.jpg,34,657
X6ZP0P93L2.jpg,79,172
X7F70FBIMX.jpg,34,657
X7LBDREJ75.jpg,100,1
XB6MZVS7EL.jpg,34,657
XCMKUIJFDA.jpg,34,657
XDI2OLM1VG.jpg,38,494
XH2TOQ2E20.jpg,100,1
XHM9VE4MTA.jpg,100,1
XI6O9CT6PF.jpg,100,1
XOED40M0XB.jpg,38,494
XOQJRMNQDP.jpg,34,657
XTH5XQE1X9.jpg,34,657
XTTQUA2V3V.jpg,100,1
XVNQSRIOBV.jpg,34,657
XVYO5EWASX.jpg,34,657
XY6VD221LO.jpg,79,172
XYF8TOG15K.jpg,40,348
XZWYU7Y2NO.jpg,34,657
Y2EZYG8J3D.jpg,40,348
Y3ELXSTN3Z.jpg,40,348
Y69Y608MOH.jpg,100,1
Y7GNLER7M1.jpg,34,657
Y83MQVRIDI.jpg,100,1
Y85OTWYG5G.jpg,79,172
Y9FNWBPCDY.jpg,34,657
Y9HOCL2T5B.jpg,40,348
Y9WFAZPVP5.jpg,34,657
YC5AFBT42M.jpg,34,657
YE6YE1AAFA.jpg,100,1
YECZMAH90V.jpg,79,172
YHPQK4Z7MP.jpg,79,172
YHVJTQQXSI.jpg,34,657
YJQ39MER4Q.jpg,34,657
YRAH4TAXMA.jpg,100,1
YT2X61PKHG.jpg,79,172
YUNU9M1H8V.jpg,34,657
YZIX8JGDCY.jpg,38,494
Z140UQUP73.jpg,34,657
Z7FIR0O607.jpg,38,494
Z7JL05NJ5X.jpg,100,1
Z7ZHRX9EU1.jpg,40,348
Z8Y81FOMXA.jpg,34,657
ZB2T5V4RER.jpg,38,494
ZBQOQS8P1F.jpg,38,494
ZBRB1VVH7K.jpg,34,657
ZCI0UD77QG.jpg,34,657
ZCW1QYSHMU.jpg,38,494
ZFQE5MMVDJ.jpg,38,494
ZFTPJTCX7R.jpg,79,172
ZGMI845IB0.jpg,79,172
ZGW32SZ376.jpg,34,657
ZHS1VMO5BK.jpg,79,172
ZINGK2FQ19.jpg,79,172
ZIVOH74PU2.jpg,38,494
ZIVT6UE1A7.jpg,40,348
ZJ5NFAU5FH.jpg,79,172
ZJFIGMPCH0.jpg,40,348
ZM78JWBKRT.jpg,38,494
ZMDY7A2JLZ.jpg,34,657
ZME11CDVP3.jpg,38,494
ZNJ77ZZM36.jpg,79,172
ZP4379MN3J.jpg,40,348
ZQ3DCDM7R7.jpg,38,494
ZQK1HKH8DX.jpg,38,494
ZSESYGPBUV.jpg,100,1
ZSM1SMP0JA.jpg,34,657
ZT6Q0V1HJB.jpg,40,348
ZTFW0BZ7V5.jpg,79,172
ZUJ8Z5NH1M.jpg,38,494
ZV5A69VLEU.jpg,100,1
ZW2T7AQJP3.jpg,34,657
ZW5BU7Z3JU.jpg,100,1
